state,usps,flock_cameras,all_plate_readers,population_2024,flock_per_100k
Delaware,DE,400,500,1051917,38
District of Columbia,DC,91,105,702250,13
Florida,FL,7316,9639,23372215,31.3
Georgia,GA,9251,10124,11180878,82.7
Hawaii,HI,67,93,1446146,4.6
Idaho,ID,346,468,2001619,17.3
Illinois,IL,5793,8065,12710158,45.6
Indiana,IN,3398,3777,6924275,49.1
Iowa,IA,803,876,3241488,24.8
Kansas,KS,1323,2085,2970606,44.5
Kentucky,KY,1805,1853,4588372,39.3
Louisiana,LA,1712,2179,4597740,37.2
Maine,ME,46,66,1405012,3.3
Maryland,MD,742,999,6263220,11.8
Massachusetts,MA,977,1225,7136171,13.7
Michigan,MI,3060,3720,10140459,30.2
Minnesota,MN,1422,1650,5793151,24.5
Mississippi,MS,985,1153,2943045,33.5
Missouri,MO,2504,3419,6245466,40.1
Montana,MT,72,87,1137233,6.3
Nebraska,NE,417,644,2005465,20.8
Nevada,NV,739,979,3267467,22.6
New Hampshire,NH,16,68,1409032,1.1
New Jersey,NJ,1200,2349,9500851,12.6
New Mexico,NM,710,1036,2130256,33.3
New York,NY,2114,4653,19867248,10.6
North Carolina,NC,3387,3854,11046024,30.7
North Dakota,ND,125,457,796568,15.7
Ohio,OH,6278,6924,11883304,52.8
Oklahoma,OK,1231,1506,4095393,30.1
Oregon,OR,356,538,4272371,8.3
Pennsylvania,PA,1383,3824,13078751,10.6
Rhode Island,RI,295,324,1112308,26.5
South Carolina,SC,1959,2141,5478831,35.8
South Dakota,SD,156,181,924669,16.9
Tennessee,TN,3170,3642,7227750,43.9
Texas,TX,15839,17341,31290831,50.6
Utah,UT,813,1071,3503613,23.2
Vermont,VT,18,30,648493,2.8
Virginia,VA,3234,3549,8811195,36.7
Washington,WA,1987,2315,7958180,25
West Virginia,WV,195,241,1769979,11
Wisconsin,WI,1858,2112,5960975,31.2
Wyoming,WY,66,72,587618,11.2
Puerto Rico,PR,126,255,3203295,3.9
Alabama,AL,2496,2916,5157699,48.4
Alaska,AK,19,24,740133,2.6
Arizona,AZ,2237,2698,7582384,29.5
Arkansas,AR,962,1083,3088354,31.1
California,CA,16919,21179,39431263,42.9
Colorado,CO,2311,2731,5957493,38.8
Connecticut,CT,646,1010,3675069,17.6
